Team,Median of Playing Time: matches played,Mean of Playing Time: matches played,Std of Playing Time: matches played,Median of Playing Time: starts,Mean of Playing Time: starts,Std of Playing Time: starts,Median of Playing Time: minutes,Mean of Playing Time: minutes,Std of Playing Time: minutes,Median of Performance: goals,Mean of Performance: goals,Std of Performance: goals,Median of Performance: assists,Mean of Performance: assists,Std of Performance: assists,Median of Performance: yellow cards,Mean of Performance: yellow cards,Std of Performance: yellow cards,Median of Performance: red cards,Mean of Performance: red cards,Std of Performance: red cards,Median of Expected: xG,Mean of Expected: xG,Std of Expected: xG,Median of Expected: xAG,Mean of Expected: xAG,Std of Expected: xAG,Median of PrgC,Mean of PrgC,Std of PrgC,Median of PrgP,Mean of PrgP,Std of PrgP,Median of PrgR,Mean of PrgR,Std of PrgR,Median of Per 90 minutes: Gls,Mean of Per 90 minutes: Gls,Std of Per 90 minutes: Gls,Median of Per 90 minutes: Ast,Mean of Per 90 minutes: Ast,Std of Per 90 minutes: Ast,Median of Per 90 minutes: xG,Mean of Per 90 minutes: xG,Std of Per 90 minutes: xG,Median of Per 90 minutes: xAG,Mean of Per 90 minutes: xAG,Std of Per 90 minutes: xAG,Median of Goalkeeping: Performance: GA90,Mean of Goalkeeping: Performance: GA90,Std of Goalkeeping: Performance: GA90,Median of Goalkeeping: Performance: Save%,Mean of Goalkeeping: Performance: Save%,Std of Goalkeeping: Performance: Save%,Median of Goalkeeping: Performance: CS%,Mean of Goalkeeping: Performance: CS%,Std of Goalkeeping: Performance: CS%,Median of Goalkeeping: Penalty Kicks: Save%,Mean of Goalkeeping: Penalty Kicks: Save%,Std of Goalkeeping: Penalty Kicks: Save%,Median of Shooting: Standard: SoT%,Mean of Shooting: Standard: SoT%,Std of Shooting: Standard: SoT%,Median of Shooting: Standard: SoT/90,Mean of Shooting: Standard: SoT/90,Std of Shooting: Standard: SoT/90,Median of Shooting: Standard: G/Sh,Mean of Shooting: Standard: G/Sh,Std of Shooting: Standard: G/Sh,Median of Shooting: Standard: Dist,Mean of Shooting: Standard: Dist,Std of Shooting: Standard: Dist,Median of Passing: Total: Cmp,Mean of Passing: Total: Cmp,Std of Passing: Total: Cmp,Median of Passing: Total: Cmp%,Mean of Passing: Total: Cmp%,Std of Passing: Total: Cmp%,Median of Passing: Total: TotDist,Mean of Passing: Total: TotDist,Std of Passing: Total: TotDist,Median of Passing: Short: Cmp%,Mean of Passing: Short: Cmp%,Std of Passing: Short: Cmp%,Median of Passing: Medium: Cmp%,Mean of Passing: Medium: Cmp%,Std of Passing: Medium: Cmp%,Median of Passing: Long: Cmp%,Mean of Passing: Long: Cmp%,Std of Passing: Long: Cmp%,Median of Passing: Expected: KP,Mean of Passing: Expected: KP,Std of Passing: Expected: KP,Median of Passing: Expected: 1/3,Mean of Passing: Expected: 1/3,Std of Passing: Expected: 1/3,Median of Passing: Expected: PPA,Mean of Passing: Expected: PPA,Std of Passing: Expected: PPA,Median of Passing: Expected: CrsPA,Mean of Passing: Expected: CrsPA,Std of Passing: Expected: CrsPA,Median of Passing: Expected: PrgP,Mean of Passing: Expected: PrgP,Std of Passing: Expected: PrgP,Median of Goal and Shot Creation: SCA: SCA,Mean of Goal and Shot Creation: SCA: SCA,Std of Goal and Shot Creation: SCA: SCA,Median of Goal and Shot Creation: SCA: SCA90,Mean of Goal and Shot Creation: SCA: SCA90,Std of Goal and Shot Creation: SCA: SCA90,Median of Goal and Shot Creation: GCA: GCA,Mean of Goal and Shot Creation: GCA: GCA,Std of Goal and Shot Creation: GCA: GCA,Median of Goal and Shot Creation: GCA: GCA90,Mean of Goal and Shot Creation: GCA: GCA90,Std of Goal and Shot Creation: GCA: GCA90,Median of Defensive Actions: Tackles: Tkl,Mean of Defensive Actions: Tackles: Tkl,Std of Defensive Actions: Tackles: Tkl,Median of Defensive Actions: Tackles: TklW,Mean of Defensive Actions: Tackles: TklW,Std of Defensive Actions: Tackles: TklW,Median of Defensive Actions: Challenges: Att,Mean of Defensive Actions: Challenges: Att,Std of Defensive Actions: Challenges: Att,Median of Defensive Actions: Challenges: Lost,Mean of Defensive Actions: Challenges: Lost,Std of Defensive Actions: Challenges: Lost,Median of Defensive Actions: Blocks: Blocks,Mean of Defensive Actions: Blocks: Blocks,Std of Defensive Actions: Blocks: Blocks,Median of Defensive Actions: Blocks: Sh,Mean of Defensive Actions: Blocks: Sh,Std of Defensive Actions: Blocks: Sh,Median of Defensive Actions: Blocks: Pass,Mean of Defensive Actions: Blocks: Pass,Std of Defensive Actions: Blocks: Pass,Median of Defensive Actions: Blocks: Int,Mean of Defensive Actions: Blocks: Int,Std of Defensive Actions: Blocks: Int,Median of Possession: Touches: Touches,Mean of Possession: Touches: Touches,Std of Possession: Touches: Touches,Median of Possession: Touches: Def Pen,Mean of Possession: Touches: Def Pen,Std of Possession: Touches: Def Pen,Median of Possession: Touches: Def 3rd,Mean of Possession: Touches: Def 3rd,Std of Possession: Touches: Def 3rd,Median of Possession: Touches: Mid 3rd,Mean of Possession: Touches: Mid 3rd,Std of Possession: Touches: Mid 3rd,Median of Possession: Touches: Att 3rd,Mean of Possession: Touches: Att 3rd,Std of Possession: Touches: Att 3rd,Median of Possession: Touches: Att Pen,Mean of Possession: Touches: Att Pen,Std of Possession: Touches: Att Pen,Median of Possession: Take-Ons: Att,Mean of Possession: Take-Ons: Att,Std of Possession: Take-Ons: Att,Median of Possession: Take-Ons: Succ%,Mean of Possession: Take-Ons: Succ%,Std of Possession: Take-Ons: Succ%,Median of Possession: Take-Ons: Tkld%,Mean of Possession: Take-Ons: Tkld%,Std of Possession: Take-Ons: Tkld%,Median of Possession: Carries: Carries,Mean of Possession: Carries: Carries,Std of Possession: Carries: Carries,Median of Possession: Carries: PrgDist,Mean of Possession: Carries: PrgDist,Std of Possession: Carries: PrgDist,Median of Possession: Carries: 1/3,Mean of Possession: Carries: 1/3,Std of Possession: Carries: 1/3,Median of Possession: Carries: CPA,Mean of Possession: Carries: CPA,Std of Possession: Carries: CPA,Median of Possession: Carries: Mis,Mean of Possession: Carries: Mis,Std of Possession: Carries: Mis,Median of Possession: Carries: Dis,Mean of Possession: Carries: Dis,Std of Possession: Carries: Dis,Median of Possession: Receiving: Rec,Mean of Possession: Receiving: Rec,Std of Possession: Receiving: Rec,Median of Possession: Receiving: PrgR,Mean of Possession: Receiving: PrgR,Std of Possession: Receiving: PrgR,Median of Miscellaneous: Performance: Fls,Mean of Miscellaneous: Performance: Fls,Std of Miscellaneous: Performance: Fls,Median of Miscellaneous: Performance: Fld,Mean of Miscellaneous: Performance: Fld,Std of Miscellaneous: Performance: Fld,Median of Miscellaneous: Performance: Off,Mean of Miscellaneous: Performance: Off,Std of Miscellaneous: Performance: Off,Median of Miscellaneous: Performance: Crs,Mean of Miscellaneous: Performance: Crs,Std of Miscellaneous: Performance: Crs,Median of Miscellaneous: Performance: Recov,Mean of Miscellaneous: Performance: Recov,Std of Miscellaneous: Performance: Recov,Median of Miscellaneous: Aerial Duels: Won,Mean of Miscellaneous: Aerial Duels: Won,Std of Miscellaneous: Aerial Duels: Won,Median of Miscellaneous: Aerial Duels: Lost,Mean of Miscellaneous: Aerial Duels: Lost,Std of Miscellaneous: Aerial Duels: Lost,Median of Miscellaneous: Aerial Duels: Won%,Mean of Miscellaneous: Aerial Duels: Won%,Std of Miscellaneous: Aerial Duels: Won%
all,22.000,20.731,9.680,14.000,15.210,10.687,1335.000,1363.786,903.477,1.000,1.990,3.493,1.000,1.479,2.203,2.000,2.925,2.590,0.000,0.092,0.309,0.900,2.010,3.057,0.900,1.489,1.851,14.000,25.874,30.294,37.000,50.978,49.473,24.000,50.360,63.343,0.030,0.121,0.186,0.040,0.090,0.125,0.070,0.134,0.160,0.070,0.098,0.102,1.470,1.640,0.653,68.300,67.167,8.303,18.800,23.954,22.638,0.000,18.535,29.762,30.600,29.875,19.893,0.230,0.410,0.489,0.060,0.080,0.102,16.350,16.792,5.131,449.000,547.358,454.305,80.000,79.266,8.249,2050.000,3243.544,3520.923,89.800,88.735,6.735,85.700,83.984,10.183,53.800,54.037,15.716,8.000,13.532,15.219,28.000,42.784,44.442,6.000,11.515,14.243,1.000,2.733,4.252,37.000,50.978,49.473,20.000,31.660,31.912,1.830,2.109,1.449,2.000,3.460,4.184,0.160,0.216,0.225,17.000,24.334,22.352,10.000,14.527,13.736,17.000,22.177,20.109,8.000,10.888,10.273,11.000,15.073,13.593,2.000,5.112,7.266,8.000,9.961,9.264,7.000,11.065,11.630,724.000,827.420,616.086,31.000,93.391,173.780,156.000,273.862,304.160,271.000,351.462,311.839,139.000,210.263,207.831,20.000,34.285,40.674,13.000,25.090,30.855,44.800,46.921,22.620,43.400,41.877,21.744,395.000,464.220,355.295,1012.000,1289.251,1082.930,12.000,17.354,18.132,2.000,8.067,14.079,12.000,18.766,19.219,8.000,13.051,14.636,482.000,541.690,416.258,24.000,50.360,63.343,12.000,15.251,13.662,10.000,14.786,14.517,1.000,2.346,3.946,9.000,24.312,35.534,44.000,57.468,46.095,10.000,17.951,21.036,12.000,17.888,18.319,50.000,49.085,21.704
Arsenal,22.500,22.591,7.926,16.000,17.000,10.156,1427.500,1519.455,881.677,2.000,2.773,2.810,1.500,2.273,2.676,2.500,2.909,1.974,0.000,0.227,0.528,1.650,2.500,2.588,0.900,1.886,2.129,23.000,34.318,31.383,55.500,75.182,60.816,51.000,74.182,75.041,0.100,0.165,0.167,0.110,0.139,0.155,0.095,0.152,0.142,0.095,0.121,0.119,0.850,0.850,,75.500,75.500,,35.300,35.300,,0.000,0.000,,31.700,27.890,16.690,0.225,0.411,0.410,0.140,0.137,0.130,15.000,14.671,4.999,459.500,700.409,551.783,82.800,82.345,6.297,1947.500,3580.136,3866.948,91.950,90.873,4.759,86.000,84.873,8.049,53.150,55.545,9.682,10.000,17.136,17.313,39.500,56.955,52.283,9.000,17.864,17.817,1.500,3.000,3.625,55.500,75.182,60.816,24.000,38.818,33.092,2.245,2.459,1.428,3.000,4.909,5.485,0.250,0.296,0.310,19.000,24.091,20.328,12.000,14.273,12.330,20.000,20.773,14.165,10.500,10.318,7.167,10.000,13.182,10.839,1.500,4.318,6.792,7.500,8.864,7.272,6.000,9.273,8.647,738.500,983.773,662.528,24.000,73.591,163.872,120.500,246.182,327.214,291.000,427.955,385.052,223.500,316.909,232.448,37.000,52.500,48.601,22.500,29.727,28.687,43.450,48.877,22.218,35.050,36.918,17.634,406.500,578.182,402.190,1282.500,1631.955,1113.232,19.000,21.364,17.956,4.500,11.773,14.583,15.000,19.318,15.286,13.500,15.682,13.357,528.500,693.682,483.473,51.000,74.182,75.041,14.000,16.636,11.061,17.000,16.318,11.712,1.500,3.409,3.725,11.000,31.818,42.051,48.000,58.045,40.028,10.500,19.500,19.815,15.500,18.955,17.762,51.150,48.000,19.478
Aston Villa,20.000,18.857,9.966,9.500,13.357,11.324,969.000,1200.000,913.117,1.000,1.857,3.285,0.000,1.464,2.365,2.000,2.429,2.251,0.000,0.071,0.262,0.800,1.914,2.936,0.450,1.404,1.949,16.000,23.143,22.715,33.500,42.964,46.172,23.000,42.893,50.622,0.040,0.176,0.292,0.000,0.086,0.116,0.085,0.193,0.247,0.060,0.092,0.104,1.705,1.705,0.417,60.750,60.750,7.283,57.600,57.600,59.963,50.000,50.000,,31.300,33.068,20.675,0.235,0.512,0.667,0.060,0.102,0.117,16.300,16.652,4.561,396.000,478.607,411.635,82.100,81.336,7.350,1406.500,2834.714,3499.383,91.500,90.129,5.419,86.200,86.139,8.041,53.300,54.096,15.394,6.000,11.857,14.478,22.000,37.143,45.052,7.500,10.250,12.379,0.000,1.929,3.661,33.500,42.964,46.172,20.000,27.821,29.039,1.800,2.088,1.438,2.000,3.357,3.754,0.180,0.236,0.217,11.500,21.036,20.062,6.500,12.143,12.222,12.000,18.143,18.230,5.500,7.929,7.967,10.500,10.857,8.826,2.500,3.536,4.105,6.000,7.321,6.230,6.000,8.107,8.297,647.000,703.357,553.353,22.500,84.250,186.778,122.000,236.429,290.531,237.500,299.429,290.387,113.500,174.393,164.764,19.000,30.964,37.245,17.000,23.036,28.925,47.400,52.200,26.738,41.200,37.593,24.415,383.500,397.893,306.438,1052.000,1148.571,912.919,12.500,14.286,13.007,2.000,6.857,10.462,9.500,16.464,21.282,8.000,12.607,14.908,472.000,470.393,372.142,23.000,42.893,50.622,8.000,13.143,13.484,9.500,15.821,17.086,0.500,1.714,2.747,6.000,19.786,33.617,37.500,45.286,35.372,8.000,12.107,11.615,9.500,13.250,13.745,50.000,43.167,23.427
Bournemouth,25.000,21.609,9.838,17.000,16.217,11.330,1580.000,1451.739,975.756,1.000,2.261,3.493,1.000,1.652,1.991,3.000,3.783,3.147,0.000,0.087,0.288,1.100,2.639,3.500,1.100,1.774,1.827,19.000,29.261,34.022,41.000,57.435,51.584,31.000,56.609,70.377,0.030,0.134,0.181,0.050,0.101,0.116,0.080,0.182,0.202,0.100,0.129,0.149,1.000,1.087,0.150,80.000,80.000,4.600,20.000,15.300,13.575,0.000,0.000,,30.350,24.985,17.026,0.150,0.543,0.655,0.065,0.058,0.053,16.450,15.830,4.372,436.000,488.913,394.518,74.200,73.822,6.579,2372.000,3337.870,3336.241,88.000,86.804,7.181,78.200,81.370,10.782,46.900,46.665,17.735,11.000,17.435,16.256,37.000,47.348,47.008,7.000,12.957,13.656,2.000,3.913,5.265,41.000,57.435,51.584,28.000,40.130,35.785,2.350,2.600,1.869,2.000,3.870,4.026,0.220,0.230,0.205,21.000,27.478,23.126,10.000,15.913,14.406,25.000,24.870,21.024,13.000,13.130,10.494,15.000,18.478,16.525,3.000,5.565,7.083,8.000,12.913,12.580,10.000,14.000,15.300,783.000,829.087,608.269,44.000,87.478,146.082,159.000,249.652,270.361,298.000,354.174,312.716,127.000,235.522,234.762,19.000,39.130,47.777,16.000,26.435,31.650,41.250,43.015,19.271,45.100,43.085,19.189,479.000,445.130,332.013,1080.000,1396.870,1258.753,15.000,20.348,19.816,1.000,9.000,15.889,17.000,22.957,21.074,8.000,13.826,17.002,413.000,484.000,357.840,31.000,56.609,70.377,15.000,19.826,17.740,10.000,15.304,13.569,0.000,2.739,5.074,10.000,32.304,40.419,56.000,71.435,56.264,20.000,22.783,20.828,22.000,24.217,20.540,46.100,50.195,18.123
Brentford,27.000,22.857,11.146,21.000,17.810,12.956,1913.000,1592.333,1092.856,0.000,2.762,5.291,2.000,1.857,2.455,2.000,2.524,1.887,0.000,0.048,0.218,0.800,2.481,3.930,1.200,1.795,2.241,12.000,25.286,31.880,51.000,56.714,53.197,27.000,56.048,74.696,0.000,0.112,0.189,0.070,0.084,0.097,0.070,0.120,0.156,0.060,0.090,0.079,1.360,1.360,0.170,62.000,62.000,16.971,59.100,59.100,57.841,0.000,0.000,,34.300,30.811,17.714,0.180,0.311,0.371,0.050,0.077,0.085,15.300,15.989,4.267,483.000,565.810,435.586,77.200,76.443,8.036,2249.000,3986.905,5102.626,87.400,86.338,8.073,79.900,81.952,10.028,55.100,55.090,13.537,8.000,14.095,17.219,41.000,46.762,39.723,7.000,13.762,18.471,2.000,3.810,5.278,51.000,56.714,53.197,21.000,33.238,35.141,1.720,1.864,1.145,2.000,4.762,5.726,0.200,0.252,0.226,25.000,26.714,21.543,17.000,16.238,12.696,25.000,24.762,20.134,10.000,11.619,10.409,17.000,20.381,18.688,4.000,8.381,12.379,13.000,12.000,10.015,8.000,12.476,12.040,780.000,910.476,654.105,51.000,142.619,283.875,226.000,357.333,411.392,334.000,338.905,271.359,158.000,222.524,227.737,24.000,41.762,45.469,12.000,26.238,33.125,47.600,49.058,19.590,42.100,42.079,16.107,395.000,480.905,352.274,1171.000,1334.952,1119.638,10.000,15.429,18.495,1.000,9.000,17.257,14.000,22.381,25.717,8.000,12.333,13.317,484.000,557.381,400.413,27.000,56.048,74.696,12.000,12.952,10.361,10.000,14.571,14.123,1.000,2.952,4.477,13.000,28.571,44.222,50.000,69.095,54.549,12.000,26.762,31.199,14.000,23.619,23.689,55.100,53.986,19.473
Brighton,20.000,18.964,9.758,9.000,13.357,9.867,895.500,1198.464,866.121,1.000,1.929,2.956,1.000,1.286,1.584,2.000,2.607,2.544,0.000,0.107,0.315,0.750,1.882,2.644,0.950,1.293,1.397,16.500,25.857,29.882,38.500,48.929,49.264,26.500,48.643,62.019,0.045,0.123,0.149,0.035,0.090,0.126,0.090,0.130,0.120,0.090,0.102,0.076,1.095,1.095,0.841,69.150,69.150,8.273,34.400,34.400,22.062,0.000,0.000,,29.300,30.508,21.823,0.310,0.456,0.650,0.055,0.080,0.089,16.500,17.558,3.912,333.000,506.036,475.945,80.700,79.446,8.260,1561.500,2917.536,3804.208,90.900,89.521,6.168,82.100,81.339,10.685,53.000,54.332,15.784,9.000,11.714,9.988,21.500,37.929,47.644,7.500,10.786,10.386,1.000,2.821,3.772,38.500,48.929,49.264,23.500,29.607,23.478,2.810,2.502,1.233,3.000,3.464,2.925,0.290,0.300,0.276,16.500,22.107,19.238,10.000,13.464,11.714,17.500,22.464,18.494,9.000,11.607,9.122,12.000,14.000,12.058,2.000,3.893,5.329,9.000,10.107,9.754,8.500,10.000,9.565,630.000,757.393,610.235,22.500,83.036,190.601,118.000,241.464,318.665,227.000,328.786,319.413,147.000,195.607,177.308,17.000,34.000,41.841,12.000,26.214,31.645,41.500,44.619,21.603,47.900,47.100,20.724,367.500,445.286,381.580,1026.000,1340.143,1411.698,15.500,18.321,18.441,2.500,8.286,14.772,10.000,18.357,18.912,7.000,11.143,12.027,408.000,500.286,419.446,26.500,48.643,62.019,10.500,14.071,12.250,8.000,13.357,14.502,1.000,1.429,1.794,10.000,22.179,27.225,39.000,52.107,43.578,11.500,16.714,17.755,10.500,15.000,14.404,53.800,50.170,19.869
Chelsea,17.500,19.154,10.880,11.500,14.385,11.399,1046.500,1291.423,995.128,1.000,2.192,3.476,1.000,1.692,2.205,2.500,3.615,3.251,0.000,0.038,0.196,0.750,2.446,3.964,1.050,1.877,2.317,11.000,30.115,38.786,33.000,56.538,61.782,11.500,55.808,74.500,0.050,0.146,0.206,0.065,0.132,0.184,0.085,0.155,0.176,0.100,0.153,0.169,1.305,1.305,0.276,74.050,74.050,3.748,22.650,22.650,8.415,10.000,10.000,14.142,33.300,29.848,21.666,0.280,0.457,0.490,0.080,0.094,0.118,15.000,15.109,4.582,492.500,636.462,575.715,84.700,84.077,6.407,1813.500,3466.654,3719.429,91.900,91.069,5.659,90.700,88.481,7.280,58.050,57.181,17.873,6.500,16.269,20.954,27.000,52.769,57.371,4.000,12.654,16.888,0.000,2.692,5.350,33.000,56.538,61.782,15.000,37.808,45.690,1.830,2.328,1.663,2.500,3.923,4.516,0.205,0.256,0.245,11.000,20.000,23.234,8.500,12.500,14.409,11.500,18.692,21.903,5.500,9.346,11.534,9.000,12.000,12.961,1.500,3.577,5.486,5.500,8.423,9.496,7.000,9.385,11.006,713.500,882.962,749.406,19.500,81.962,174.114,123.500,263.615,324.630,254.500,398.923,405.237,91.500,227.731,254.267,11.500,39.500,49.929,13.000,27.115,33.083,44.250,46.312,20.200,40.000,38.600,23.277,399.000,513.731,414.770,1010.500,1451.769,1154.301,9.500,17.000,18.874,1.000,10.923,20.248,6.000,15.962,19.088,5.500,10.615,11.768,495.500,631.231,529.269,11.500,55.808,74.500,7.000,15.077,15.836,10.500,15.462,16.595,1.000,2.115,3.871,3.000,23.462,40.128,37.500,54.000,49.519,9.000,13.962,16.396,8.500,13.692,14.601,42.100,46.816,26.264
Crystal Palace,29.000,23.381,10.210,18.000,17.714,12.471,1562.000,1585.905,1047.049,0.000,1.857,3.366,1.000,1.524,2.089,2.000,3.476,3.250,0.000,0.190,0.402,1.000,2.443,3.342,1.200,1.881,2.106,11.000,20.667,22.198,46.000,48.524,38.430,10.000,47.762,63.126,0.000,0.086,0.133,0.030,0.062,0.081,0.080,0.140,0.140,0.110,0.101,0.075,1.380,1.380,,66.900,66.900,,29.400,29.400,,50.000,50.000,,33.300,30.475,18.292,0.290,0.455,0.476,0.000,0.052,0.073,16.650,17.790,5.974,521.000,512.619,381.324,75.600,75.443,7.027,2889.000,3421.381,3477.808,85.300,85.005,6.160,82.700,82.467,10.440,46.700,47.605,14.997,9.000,15.571,15.797,31.000,38.190,31.651,4.000,11.476,11.973,1.000,2.762,4.098,46.000,48.524,38.430,26.000,36.381,33.728,2.080,2.480,1.675,3.000,3.667,3.215,0.160,0.192,0.168,21.000,32.000,29.606,12.000,18.619,18.364,23.000,27.048,22.180,15.000,13.476,10.347,16.000,19.714,18.119,2.000,5.571,6.779,13.000,14.143,13.078,10.000,13.095,14.082,827.000,863.190,604.462,27.000,107.190,212.722,172.000,322.810,357.793,367.000,360.429,264.731,137.000,188.048,178.467,15.000,32.333,34.953,12.000,20.048,28.691,40.950,42.655,21.617,46.600,44.740,25.064,413.000,435.524,303.772,949.000,1054.381,770.188,10.000,14.619,13.952,1.000,5.095,7.569,14.000,21.095,20.310,13.000,14.190,14.239,510.000,507.810,341.037,10.000,47.762,63.126,12.000,17.333,16.057,18.000,16.762,15.198,1.000,3.000,4.980,11.000,25.190,31.355,60.000,69.190,53.654,17.000,21.667,21.548,17.000,26.571,25.005,46.200,43.329,18.791
Everton,23.500,21.727,9.166,14.500,16.955,10.558,1281.000,1520.273,893.057,1.000,1.409,1.968,1.000,0.909,1.109,3.000,3.227,2.224,0.000,0.091,0.294,1.100,1.673,1.952,1.050,1.282,1.114,12.000,19.727,19.989,36.000,41.318,34.324,23.500,40.500,39.904,0.040,0.090,0.121,0.030,0.058,0.079,0.050,0.113,0.123,0.060,0.083,0.073,1.210,1.210,,71.500,71.500,,29.400,29.400,,100.000,100.000,,35.700,32.600,23.209,0.250,0.370,0.385,0.050,0.080,0.104,17.300,17.271,5.305,412.000,453.182,330.292,73.650,74.268,7.865,2000.500,3418.500,4808.438,86.200,85.373,7.592,82.700,79.827,12.291,56.350,57.186,15.182,9.000,12.091,9.942,34.500,40.136,34.021,8.000,10.545,10.155,1.500,3.636,5.332,36.000,41.318,34.324,24.500,28.682,19.443,1.790,1.883,1.110,2.000,2.364,2.060,0.100,0.156,0.155,23.500,30.045,28.106,13.500,17.591,16.998,22.000,26.636,22.044,8.000,12.955,11.082,12.500,15.955,14.201,3.000,5.773,9.314,7.500,10.182,8.410,9.500,13.545,12.716,689.500,780.273,501.720,31.000,99.500,214.043,165.500,282.909,352.739,292.000,313.727,227.483,171.000,192.045,140.177,18.500,29.136,25.319,18.000,26.455,29.465,47.200,48.043,19.676,45.000,44.495,20.294,325.500,377.318,239.770,714.000,1012.273,794.273,11.500,14.591,11.224,2.000,5.000,6.935,12.500,20.909,19.464,11.000,15.909,13.708,404.000,448.818,269.481,23.500,40.500,39.904,15.000,17.773,13.631,13.000,15.000,12.410,1.000,3.500,6.308,7.500,27.364,35.583,55.000,61.955,46.654,10.000,24.727,28.795,14.500,22.636,22.780,50.600,48.350,18.378
Fulham,26.000,23.773,9.211,17.000,16.955,11.180,1596.500,1523.273,935.531,0.500,2.227,3.265,1.000,1.909,2.562,2.000,3.182,2.970,0.000,0.091,0.294,1.000,2.077,2.671,0.950,1.591,1.820,22.000,32.182,35.314,51.000,63.864,48.530,38.000,62.773,70.341,0.015,0.169,0.255,0.090,0.108,0.124,0.095,0.149,0.154,0.085,0.102,0.082,1.350,1.350,,68.300,68.300,,14.700,14.700,,0.000,0.000,,30.600,29.329,18.603,0.265,0.544,0.609,0.060,0.075,0.093,15.400,16.419,4.309,643.000,661.500,493.448,81.500,80.318,7.883,2820.000,3990.409,4237.721,90.600,88.523,6.603,84.750,84.445,9.095,56.200,58.614,12.644,9.500,16.000,16.527,44.500,54.773,46.880,7.000,13.409,18.332,2.500,4.227,6.711,51.000,63.864,48.530,30.000,37.727,31.056,2.225,2.537,1.701,3.000,4.136,4.268,0.185,0.237,0.206,23.000,27.182,21.836,12.000,16.636,14.127,18.000,22.955,19.851,8.000,11.227,10.801,14.000,15.045,10.943,2.000,4.500,6.124,9.500,10.545,8.028,8.500,12.409,13.514,950.000,975.773,670.398,26.500,106.045,229.901,154.500,327.227,387.481,379.000,401.864,314.425,204.000,257.091,222.630,32.000,38.000,37.003,18.500,26.091,26.120,44.000,43.671,18.695,41.300,37.133,14.657,526.500,578.000,409.209,1213.000,1563.955,1265.625,17.500,22.636,22.967,4.500,9.182,11.160,14.500,20.500,17.768,7.500,11.364,11.500,632.500,654.818,446.820,38.000,62.773,70.341,15.000,17.182,13.344,15.000,14.682,10.750,1.000,1.773,3.191,15.000,36.818,50.399,58.000,65.909,44.023,15.000,21.818,22.339,19.000,21.773,20.119,47.750,45.809,21.399
Ipswich Town,18.000,17.667,8.743,11.000,12.467,9.489,952.500,1113.767,781.744,0.000,1.067,2.288,0.000,0.800,1.064,2.000,2.833,2.506,0.000,0.167,0.379,0.600,1.037,1.721,0.400,0.700,0.958,9.000,14.567,17.826,16.500,26.867,25.396,14.500,26.300,34.962,0.000,0.084,0.135,0.000,0.069,0.111,0.045,0.091,0.112,0.030,0.057,0.059,2.500,2.333,0.444,60.000,62.533,6.577,5.600,7.433,8.500,0.000,0.000,0.000,22.850,29.342,24.807,0.085,0.369,0.666,0.065,0.067,0.073,16.150,16.533,5.171,207.500,335.100,303.673,75.700,74.813,8.371,1287.000,2296.067,2488.046,87.000,87.257,7.186,84.500,81.313,11.227,49.500,47.182,14.327,4.500,7.867,10.979,16.500,25.367,27.803,4.000,4.733,5.895,0.000,1.467,2.738,16.500,26.867,25.396,12.000,18.300,20.607,1.335,1.545,1.268,1.000,1.633,2.025,0.085,0.120,0.149,12.500,17.533,16.351,7.500,9.800,9.223,12.000,18.133,16.667,6.500,9.533,9.428,8.000,13.333,13.966,2.000,5.733,9.638,6.500,7.600,7.514,6.500,9.500,9.439,396.000,560.400,458.835,27.500,90.933,131.052,118.500,230.167,247.072,142.500,219.200,210.357,102.000,117.067,120.368,11.500,17.500,20.918,8.000,17.667,25.718,45.350,44.236,11.692,44.850,45.132,9.443,213.500,277.733,219.672,563.000,749.167,603.370,6.500,9.633,10.855,1.500,4.300,7.419,11.000,16.033,20.351,5.000,9.833,13.545,247.000,331.367,276.794,14.500,26.300,34.962,8.500,12.767,14.498,7.500,11.700,11.499,0.500,1.500,2.776,6.000,15.033,28.582,36.000,42.400,35.675,7.000,16.167,21.597,11.500,15.833,17.858,54.150,53.297,25.963
Leicester City,21.000,19.731,9.569,14.500,14.385,9.811,1355.000,1292.231,811.218,0.000,1.038,1.800,0.000,0.808,1.132,2.000,3.077,2.576,0.000,0.000,0.000,0.350,1.131,2.085,0.400,0.865,1.056,14.000,20.346,22.201,28.500,37.962,34.587,19.500,37.462,40.219,0.000,0.058,0.091,0.000,0.057,0.086,0.040,0.066,0.086,0.025,0.065,0.080,2.190,2.730,1.104,58.600,54.367,12.787,0.000,1.233,2.136,25.000,25.000,,33.450,34.123,22.783,0.220,0.270,0.265,0.000,0.056,0.071,17.350,17.927,5.818,404.000,483.846,361.555,77.600,77.942,8.379,1845.000,2921.692,2876.822,88.700,88.650,6.956,83.200,84.212,9.188,52.800,55.496,17.718,6.000,8.615,8.828,23.000,34.154,31.382,5.500,7.615,8.377,1.000,2.423,3.982,28.500,37.962,34.587,14.000,19.923,18.214,1.390,1.335,0.984,1.000,1.808,2.350,0.050,0.119,0.148,21.500,25.385,21.936,12.000,14.846,13.166,18.500,24.269,21.495,10.000,12.692,11.821,15.000,17.269,13.690,3.500,6.615,8.115,9.000,10.654,8.347,9.000,11.308,11.606,740.500,754.462,511.966,33.000,99.115,166.402,147.500,275.962,278.989,320.000,343.577,271.396,100.500,142.231,132.367,15.500,21.769,23.944,11.500,22.462,26.610,41.300,43.700,28.203,48.550,48.304,25.450,437.500,428.423,280.599,1080.500,1065.154,734.147,8.000,12.846,12.079,2.500,4.808,6.178,12.000,17.000,15.615,7.500,11.308,12.830,468.500,479.538,320.695,19.500,37.462,40.219,13.000,14.000,10.655,11.000,13.000,11.328,1.000,2.231,4.885,9.500,22.000,27.363,41.000,51.654,37.202,11.500,17.577,16.561,15.000,19.577,17.498,50.500,49.454,19.769
Liverpool,28.000,24.476,8.903,19.000,17.810,11.994,1627.000,1596.381,981.765,1.000,3.762,6.503,2.000,2.810,3.970,3.000,2.952,2.291,0.000,0.095,0.301,1.700,3.629,5.488,1.200,2.629,3.121,23.000,35.190,36.397,67.000,81.381,67.270,54.000,80.619,107.990,0.040,0.169,0.241,0.140,0.148,0.146,0.070,0.190,0.210,0.110,0.137,0.119,1.020,1.020,0.255,69.700,69.700,2.970,38.750,38.750,1.768,100.000,100.000,,32.800,31.728,14.953,0.350,0.507,0.454,0.075,0.074,0.071,14.650,15.478,3.988,630.000,778.095,629.733,83.700,82.852,7.468,2524.000,4445.048,4401.062,91.800,91.205,5.878,88.300,86.714,9.669,60.800,60.324,15.203,11.000,22.000,22.645,39.000,67.714,70.615,8.000,18.619,22.600,1.000,3.619,5.878,67.000,81.381,67.270,35.000,49.810,45.476,2.710,2.633,1.549,4.000,6.476,6.570,0.340,0.348,0.264,26.000,28.048,24.080,15.000,17.286,14.769,19.000,28.286,27.880,9.000,13.333,13.785,9.000,15.429,14.712,2.000,3.952,4.566,8.000,11.476,12.746,7.000,12.905,15.748,801.000,1102.048,814.885,27.000,97.714,150.734,160.000,301.381,321.091,280.000,497.524,465.116,195.000,312.810,282.094,42.000,55.810,72.300,16.000,28.238,35.283,49.000,54.910,20.867,41.600,37.980,19.684,510.000,632.714,454.483,1383.000,1718.476,1233.318,17.000,23.762,21.272,5.000,13.714,25.809,19.000,22.571,24.782,11.000,14.476,15.832,570.000,769.667,567.964,54.000,80.619,107.990,15.000,18.524,16.461,12.000,15.190,13.197,1.000,2.619,4.399,6.000,31.048,44.270,62.000,68.857,49.319,9.000,17.905,25.977,12.000,15.952,13.002,42.900,50.481,21.807
Manchester City,22.000,19.240,8.762,16.000,14.920,8.406,1404.000,1341.760,744.172,1.000,2.600,4.406,0.000,1.880,2.505,2.000,2.320,1.749,0.000,0.040,0.200,1.200,2.496,4.170,1.500,1.992,2.217,34.000,40.560,43.480,62.000,68.160,58.154,25.000,67.480,75.244,0.060,0.183,0.253,0.000,0.103,0.141,0.070,0.164,0.221,0.070,0.120,0.126,1.310,1.310,0.226,68.250,68.250,0.354,28.400,28.400,4.808,0.000,0.000,0.000,32.450,31.473,21.201,0.330,0.469,0.525,0.105,0.136,0.213,17.900,17.032,4.810,676.000,767.720,566.633,87.700,86.548,6.864,2479.000,3506.880,3136.383,94.300,92.152,6.015,92.100,89.580,7.788,62.500,59.548,12.249,9.000,16.920,16.485,42.000,59.680,61.618,11.000,15.320,15.523,1.000,2.280,3.062,62.000,68.160,58.154,33.000,39.040,33.140,2.130,2.421,1.758,3.000,4.560,4.426,0.280,0.281,0.239,15.000,17.680,16.075,7.000,10.800,10.432,12.000,16.120,14.951,6.000,8.520,8.211,11.000,12.040,9.231,1.000,3.200,4.699,9.000,8.840,6.731,5.000,7.960,8.259,878.000,1000.360,670.044,35.000,76.120,134.086,197.000,234.160,233.001,331.000,430.920,377.443,324.000,343.480,270.086,22.000,47.120,50.599,21.000,28.640,39.311,45.500,48.491,26.660,35.100,37.217,23.675,563.000,643.480,446.045,1674.000,1994.160,1516.487,23.000,30.360,26.888,3.000,14.040,22.041,10.000,16.720,14.825,11.000,14.240,13.917,630.000,757.480,520.489,25.000,67.480,75.244,10.000,10.360,7.973,12.000,13.440,11.166,0.000,1.680,2.462,8.000,22.960,31.077,46.000,51.720,34.713,5.000,10.960,13.409,8.000,11.720,10.979,46.400,45.132,20.986
Manchester Utd,20.000,18.778,10.966,14.000,13.778,10.696,1335.000,1231.667,920.107,0.000,1.370,2.204,0.000,0.926,2.055,2.000,2.778,2.375,0.000,0.111,0.424,1.000,1.715,2.318,0.700,1.281,1.683,10.000,22.593,31.570,43.000,46.407,57.298,19.000,44.667,65.127,0.000,0.073,0.114,0.000,0.043,0.085,0.060,0.125,0.151,0.060,0.093,0.093,1.300,1.300,,69.000,69.000,,27.300,27.300,,25.000,25.000,,27.800,24.787,15.352,0.170,0.379,0.465,0.000,0.044,0.054,16.200,16.522,6.044,548.000,545.481,468.346,82.600,82.537,6.078,1083.000,2911.852,3380.292,90.400,89.837,4.540,85.500,84.919,8.566,55.400,58.293,18.104,7.000,13.037,17.410,24.000,36.593,40.930,5.000,10.444,15.019,1.000,2.111,2.736,43.000,46.407,57.298,17.000,30.370,36.205,1.990,2.460,1.582,1.000,2.296,3.821,0.040,0.140,0.224,19.000,27.148,27.973,9.000,16.370,17.079,17.000,23.407,24.649,5.000,10.444,12.317,8.000,12.185,11.180,2.000,3.556,4.941,6.000,8.630,8.656,7.000,12.444,12.930,778.000,802.556,666.372,21.000,82.407,192.267,150.000,282.074,324.227,303.000,338.593,310.660,125.000,189.370,220.896,18.000,31.111,37.568,6.000,20.259,25.252,50.000,47.272,27.764,50.000,47.448,26.216,424.000,488.074,403.466,793.000,1229.889,1111.079,10.000,15.444,18.287,1.000,7.667,15.643,9.000,16.407,17.994,4.000,11.778,14.009,514.000,537.704,441.195,19.000,44.667,65.127,11.000,13.296,11.545,7.000,12.037,11.494,1.000,2.074,3.125,6.000,20.815,36.323,41.000,56.333,51.690,10.000,15.593,16.296,13.000,16.148,18.309,50.100,50.600,26.106
Newcastle Utd,27.000,22.565,9.917,13.000,16.261,12.259,1413.000,1459.826,1021.144,0.000,2.739,5.011,1.000,2.087,2.843,2.000,2.565,3.028,0.000,0.043,0.209,0.500,2.548,4.265,0.900,1.852,2.241,14.000,29.087,32.387,56.000,61.174,60.898,22.000,60.739,69.357,0.000,0.163,0.261,0.040,0.107,0.132,0.110,0.143,0.163,0.080,0.099,0.093,1.265,1.265,0.092,70.600,70.600,0.141,39.600,39.600,14.708,50.000,50.000,,25.000,22.919,17.245,0.280,0.371,0.417,0.050,0.087,0.109,14.700,15.619,3.682,459.000,599.435,511.829,81.800,79.652,6.949,2826.000,3541.435,3430.765,88.600,87.709,7.716,86.600,85.265,11.195,51.500,54.019,12.843,8.000,15.522,16.186,26.000,44.174,47.285,8.000,14.913,17.985,0.000,2.783,4.522,56.000,61.174,60.898,27.000,36.130,35.297,2.010,2.078,1.404,3.000,4.783,5.393,0.230,0.228,0.221,22.000,23.826,21.356,14.000,14.565,13.344,27.000,23.435,21.869,9.000,11.217,10.685,17.000,16.739,13.939,3.000,5.609,7.191,9.000,11.130,10.096,6.000,10.783,11.509,747.000,898.130,713.881,26.000,90.000,142.339,122.000,294.435,333.717,225.000,376.130,343.425,127.000,236.304,222.770,31.000,41.696,45.776,7.000,26.435,30.428,47.700,43.629,16.965,42.900,44.038,16.739,471.000,512.130,417.996,1475.000,1393.000,1117.073,13.000,17.826,16.859,4.000,10.435,15.582,11.000,18.609,17.343,7.000,17.652,20.142,538.000,595.087,490.907,22.000,60.739,69.357,9.000,15.391,16.522,11.000,17.609,23.457,2.000,3.043,4.301,9.000,26.739,38.630,46.000,65.000,57.439,7.000,18.478,27.522,12.000,17.783,19.157,50.000,49.678,23.863
Nott'ham Forest,29.500,23.864,10.575,18.500,17.000,12.903,1764.000,1527.682,1071.820,1.000,2.364,4.170,1.000,1.727,2.472,2.000,3.364,2.969,0.000,0.091,0.294,1.400,1.886,2.543,1.100,1.391,1.420,12.500,25.591,33.338,34.000,44.273,41.717,17.500,43.909,55.971,0.055,0.119,0.164,0.055,0.094,0.114,0.070,0.113,0.133,0.065,0.088,0.087,1.210,1.210,,73.800,73.800,,38.200,38.200,,0.000,0.000,,36.450,38.990,26.122,0.290,0.433,0.421,0.060,0.079,0.085,18.800,19.090,6.304,380.000,427.818,331.242,76.700,73.714,8.563,1888.000,2971.318,3544.298,88.100,86.273,7.729,81.400,77.495,11.906,43.400,45.136,15.825,10.000,13.818,14.802,26.000,37.636,36.199,6.500,9.545,10.331,1.000,2.409,3.333,34.000,44.273,41.717,23.500,32.591,31.652,1.800,1.928,1.315,2.000,3.773,4.859,0.160,0.213,0.224,20.500,28.136,25.208,13.000,17.045,15.765,18.500,26.727,26.125,7.000,13.182,13.612,11.000,17.636,17.770,3.000,6.545,9.874,7.500,11.091,10.328,11.000,13.045,10.987,807.500,759.500,548.695,33.000,101.364,172.155,148.000,262.227,282.098,239.000,302.227,254.776,125.500,204.773,200.946,21.000,31.773,31.297,11.500,24.727,27.603,44.950,50.111,24.811,37.900,38.622,22.148,360.500,349.455,266.375,823.500,1070.000,986.363,10.500,16.091,17.474,2.000,7.727,12.536,18.000,23.000,23.088,9.500,13.136,13.065,434.000,424.455,322.121,17.500,43.909,55.971,12.000,16.273,13.579,10.000,17.000,16.682,1.000,3.727,6.220,6.500,23.818,36.553,46.000,64.227,52.791,13.500,23.136,25.340,18.500,22.682,26.121,43.900,50.405,20.867
Southampton,20.000,18.138,10.056,13.000,12.862,9.512,1122.000,1151.345,828.595,0.000,0.828,1.071,0.000,0.517,0.829,2.000,2.759,2.862,0.000,0.103,0.409,0.500,1.045,1.362,0.500,0.790,0.896,10.000,20.241,26.476,23.000,35.552,38.558,20.000,34.517,37.546,0.000,0.054,0.080,0.000,0.043,0.097,0.040,0.077,0.089,0.030,0.054,0.059,2.330,2.413,0.162,67.500,67.600,2.651,0.000,2.567,4.446,14.300,14.300,20.223,30.000,25.948,22.487,0.150,0.218,0.285,0.050,0.071,0.097,18.300,17.344,6.026,242.000,485.483,464.816,80.200,80.917,7.997,1476.000,2661.345,3563.964,90.900,89.683,6.853,89.500,85.476,10.921,55.050,53.332,17.046,5.000,8.586,8.942,13.000,31.483,38.754,5.000,6.759,7.558,1.000,1.793,2.555,23.000,35.552,38.558,15.000,19.586,19.434,1.430,1.418,0.844,1.000,1.379,1.879,0.060,0.109,0.141,13.000,20.000,18.891,7.000,11.517,10.812,13.000,17.897,14.014,10.000,9.207,6.894,7.000,12.966,14.537,2.000,5.690,8.873,5.000,7.276,7.851,5.000,9.448,12.067,457.000,707.000,616.169,42.000,91.828,166.028,161.000,259.000,312.241,186.000,303.828,297.662,122.000,150.345,145.864,15.000,21.241,20.113,5.000,22.379,31.791,43.850,48.142,27.863,44.550,42.412,28.085,253.000,394.241,349.590,599.000,1070.897,1087.356,9.000,14.931,18.272,1.000,5.069,7.502,9.000,14.552,14.659,5.000,10.966,13.655,338.000,480.276,421.517,20.000,34.517,37.546,12.000,14.345,12.990,8.000,13.276,15.156,0.000,1.483,2.600,6.000,17.103,25.955,23.000,45.034,42.994,8.000,14.172,20.394,8.000,12.379,13.300,54.500,54.172,22.750
Tottenham,21.000,18.889,9.279,15.000,13.815,8.119,1252.000,1241.111,696.541,0.000,2.185,3.270,1.000,1.667,2.402,2.000,2.370,2.339,0.000,0.037,0.192,0.700,2.074,2.914,0.900,1.552,2.015,16.000,28.963,28.864,49.000,56.222,47.118,31.000,55.852,69.121,0.000,0.137,0.212,0.050,0.117,0.158,0.070,0.144,0.183,0.080,0.107,0.111,1.750,1.780,0.346,65.200,63.500,6.518,18.200,19.167,5.415,0.000,0.000,,33.300,32.971,19.605,0.300,0.412,0.417,0.055,0.074,0.086,17.000,16.367,5.107,693.000,570.556,370.155,84.800,80.937,8.248,2727.000,3193.593,2516.562,91.300,89.567,6.656,89.800,84.741,10.923,54.400,55.252,15.102,7.000,13.370,17.592,37.000,44.593,39.437,8.000,13.185,16.655,1.000,3.000,5.084,49.000,56.222,47.118,15.000,30.889,36.416,1.630,1.988,1.539,2.000,3.778,4.627,0.220,0.254,0.263,13.000,22.333,20.614,9.000,14.185,13.997,14.000,20.185,17.781,9.000,10.000,8.540,15.000,14.556,11.991,4.000,5.074,5.151,9.000,9.481,8.946,10.000,10.481,10.686,885.000,828.333,513.714,55.000,83.741,114.260,228.000,266.815,223.907,393.000,350.444,257.795,152.000,219.222,227.113,24.000,35.519,42.227,19.000,27.667,29.093,43.050,43.800,24.811,49.400,43.408,24.229,564.000,519.037,309.793,1496.000,1439.407,858.132,18.000,19.481,16.956,4.000,8.667,11.907,15.000,17.889,17.829,10.000,14.296,16.179,629.000,566.037,338.996,31.000,55.852,69.121,10.000,14.519,12.819,10.000,16.333,15.123,1.000,2.037,3.204,12.000,26.444,42.568,57.000,56.222,40.605,9.000,13.704,13.553,11.000,14.222,13.785,50.000,50.115,23.221
West Ham,20.000,20.920,8.281,14.000,14.960,10.522,1070.000,1341.920,885.125,0.000,1.440,2.468,1.000,0.920,1.470,2.000,2.880,2.587,0.000,0.120,0.332,1.200,1.736,2.173,1.100,1.228,1.375,11.000,22.080,29.545,28.000,42.560,40.525,21.000,43.440,55.638,0.000,0.086,0.131,0.030,0.076,0.139,0.070,0.140,0.162,0.080,0.104,0.101,1.700,1.700,0.028,68.850,68.850,8.132,17.450,17.450,1.061,0.000,0.000,,28.600,25.674,15.038,0.230,0.395,0.415,0.040,0.054,0.066,16.700,18.165,6.062,419.000,504.560,404.135,79.700,78.112,7.636,2245.000,3163.000,3079.261,89.800,88.708,6.891,85.700,83.088,10.571,53.700,52.692,17.200,7.000,11.640,12.192,36.000,36.800,32.924,4.000,9.680,12.219,1.000,2.520,3.490,28.000,42.560,40.525,16.000,28.960,30.031,1.830,2.156,1.480,2.000,2.240,3.059,0.100,0.148,0.179,17.000,22.240,20.109,11.000,13.080,11.867,21.000,18.680,14.851,7.000,8.800,7.544,14.000,16.280,13.350,4.000,6.240,8.248,9.000,10.040,7.903,8.000,11.960,14.582,617.000,789.280,591.213,33.000,105.560,173.238,196.000,293.640,309.078,242.000,333.200,281.554,103.000,170.480,180.808,22.000,29.920,38.164,11.000,27.800,44.208,50.000,51.743,23.026,45.500,36.843,23.328,284.000,402.960,315.441,714.000,1041.280,932.195,9.000,14.000,16.518,2.000,6.400,12.968,11.000,17.480,19.097,6.000,14.280,21.999,354.000,502.080,388.158,21.000,43.440,55.638,14.000,15.560,13.586,11.000,14.520,16.830,1.000,2.680,4.110,11.000,20.920,26.427,38.000,54.640,47.119,10.000,20.800,26.402,12.000,19.920,18.410,50.000,50.252,16.883
Wolves,25.000,22.087,8.681,15.000,16.174,10.547,1364.000,1452.174,848.656,1.000,2.174,3.939,1.000,1.696,2.225,2.000,3.217,2.746,0.000,0.087,0.288,0.800,1.752,2.477,0.900,1.396,1.780,12.000,23.130,27.193,30.000,45.000,40.334,28.000,44.348,47.076,0.070,0.124,0.170,0.040,0.103,0.134,0.080,0.113,0.123,0.070,0.082,0.080,2.060,2.060,0.523,61.900,61.900,0.566,13.450,13.450,19.021,16.650,16.650,23.547,28.600,30.890,17.002,0.230,0.360,0.413,0.070,0.099,0.118,18.100,18.119,5.738,484.000,548.696,399.835,80.400,77.830,8.756,3180.000,3195.348,2432.346,90.400,88.335,6.891,86.400,84.717,9.487,56.700,52.609,15.678,10.000,12.304,12.437,24.000,38.565,32.719,4.000,10.652,12.655,1.000,2.696,3.457,30.000,45.000,40.334,21.000,29.174,27.535,1.780,1.820,1.089,3.000,3.913,4.144,0.180,0.258,0.246,19.000,30.870,27.009,12.000,18.130,16.799,18.000,25.913,22.579,7.000,11.826,12.978,15.000,17.478,12.354,4.000,5.783,6.022,9.000,11.696,10.155,9.000,11.826,9.637,724.000,852.087,555.888,55.000,99.696,144.518,304.000,299.609,245.338,328.000,384.391,308.100,123.000,178.522,182.800,23.000,27.739,31.094,14.000,27.478,33.756,46.400,44.086,22.679,41.700,42.690,23.048,390.000,466.739,297.895,1038.000,1298.217,894.120,13.000,17.696,21.731,3.000,5.565,8.409,16.000,22.304,22.247,11.000,14.087,14.890,482.000,544.435,360.970,28.000,44.348,47.076,14.000,19.304,17.105,10.000,16.609,16.754,1.000,2.478,3.301,10.000,21.087,29.868,43.000,64.174,49.340,10.000,17.478,17.430,15.000,18.870,19.675,40.700,46.496,24.193
